,City,Clouds,Country,Date,Lat,Lng,Max Temp,Winds
0,Henties Bay,92,NA,1553817729,-22.12,14.28,63.0,7.0
1,Rikitea,64,PF,1553818381,-23.12,-134.97,77.47,4.36
2,Gimli,68,CA,1553818534,50.63,-96.99,32.0,10.78
3,Hermanus,76,ZA,1553817700,-34.42,19.24,64.99,1.79
4,East London,0,ZA,1553818412,-33.02,27.91,70.63,19.46
5,Punta Arenas,75,CL,1553817748,-53.16,-70.91,55.4,8.05
6,Cape Town,75,ZA,1553818266,-33.93,18.42,66.99,2.24
7,Wamba,80,CD,1553818561,2.14,27.99,71.17,2.13
8,Iqaluit,90,CA,1553817723,63.75,-68.52,17.6,12.75
9,Hilo,1,US,1553818235,19.71,-155.08,78.8,10.29
10,Mount Gambier,75,AU,1553815620,-37.83,140.78,59.0,23.04
11,Cherskiy,36,RU,1553818436,68.75,161.3,-0.84,6.31
12,Salalah,0,OM,1553813400,17.01,54.1,77.0,4.7
13,Butaritari,56,KI,1553818414,3.07,172.79,82.96,11.12
14,Nikolskoye,20,RU,1553818333,59.7,30.79,39.2,8.95
15,Tasiilaq,0,GL,1553818429,65.61,-37.64,12.58,16.71
16,Ushuaia,40,AR,1553814000,-54.81,-68.31,57.2,12.75
17,Albany,75,US,1553818067,42.65,-73.75,54.0,16.11
18,Atuona,56,PF,1553818337,-9.8,-139.03,81.97,13.69
19,Havre-Saint-Pierre,75,CA,1553814000,50.23,-63.6,33.8,12.75
20,Hobart,0,AU,1553818215,-42.88,147.33,73.99,18.34
21,Cidreira,48,BR,1553818448,-30.17,-50.22,69.46,17.0
22,Mahebourg,40,MU,1553818445,-20.41,57.7,80.6,4.7
23,Itoman,75,JP,1553818348,26.12,127.67,77.0,11.41
24,Aksarka,44,RU,1553818564,66.56,67.8,18.97,7.94
25,Fort Wayne,90,US,1553818517,41.08,-85.14,57.99,5.82
26,Sao Filipe,0,CV,1553818429,14.9,-24.5,69.91,13.47
27,Uttiramerur,40,IN,1553815800,12.62,79.76,78.8,2.91
28,Thompson,75,CA,1553814000,55.74,-97.86,26.6,12.75
29,Rawson,0,AR,1553818444,-43.3,-65.11,60.91,4.03
30,Sri Aman,32,MY,1553814000,1.24,111.46,73.4,2.24
31,Lavrentiya,80,RU,1553818435,65.58,-170.99,30.94,17.0
32,Mataura,0,NZ,1553818205,-46.19,168.86,63.0,3.85
33,Georgetown,75,GY,1553814000,6.8,-58.16,80.6,13.87
34,Victoria,75,BN,1553815800,5.28,115.24,78.8,2.24
35,Launceston,0,AU,1553818269,-41.43,147.14,71.01,5.82
36,Kurumkan,8,RU,1553818566,54.33,110.32,2.14,2.39
37,Puerto Ayora,20,EC,1553817617,-0.74,-90.35,86.0,13.87
38,Longyearbyen,90,NO,1553815200,78.22,15.63,23.0,20.8
39,Saint-Georges,92,CA,1553817660,46.12,-70.67,39.99,9.66
40,Avarua,76,CK,1553815800,-21.21,-159.78,84.2,4.7
41,Kahului,40,US,1553818173,20.89,-156.47,80.6,6.93
42,Dunedin,0,NZ,1553818278,-45.87,170.5,62.01,20.0
43,Cervo,36,BR,1553818400,-22.19,-46.24,64.24,4.29
44,Vaini,0,IN,1553818379,15.34,74.49,64.69,1.61
45,Dikson,8,RU,1553818388,73.51,80.55,14.11,10.89
46,Tuktoyaktuk,75,CA,1553814000,69.44,-133.03,24.8,6.93
47,Bluff,92,AU,1553818568,-23.58,149.07,72.61,8.77
48,Besskorbnaya,80,RU,1553818564,44.65,41.31,32.0,11.01
49,Clyde River,90,CA,1553814000,70.47,-68.59,-7.61,10.29
50,Mayo,90,CA,1553814000,63.59,-135.9,46.4,2.24
51,Busselton,0,AU,1553818557,-33.64,115.35,55.0,15.88
52,Bathsheba,40,BB,1553814000,13.22,-59.52,78.8,14.99
53,Cairns,40,AU,1553817918,-16.92,145.77,82.0,6.93
54,Krasnyy Chikoy,80,RU,1553818480,50.36,108.75,18.88,3.36
55,Port Macquarie,0,AU,1553818205,-31.43,152.91,80.01,4.7
56,Marystown,0,CA,1553818431,47.17,-55.16,27.88,15.7
57,Alice Springs,0,AU,1553815800,-23.7,133.88,75.2,1.12
58,Kysyl-Syr,0,RU,1553818572,63.9,122.77,5.2,2.39
59,Galle,1,US,1553818521,29.74,-97.91,73.99,20.8
60,Goderich,92,CA,1553818571,43.74,-81.71,43.0,7.83
61,Santa Isabel,75,CO,1553814000,4.71,-75.1,78.8,3.36
62,Jamestown,8,AU,1553818386,-33.21,138.6,69.37,9.44
63,Severo-Kurilsk,76,RU,1553818412,50.68,156.12,32.11,15.1
64,Elena,0,BG,1553818529,42.93,25.88,35.6,2.24
65,Yellowknife,75,CA,1553818231,62.45,-114.38,30.2,17.22
66,Cockburn Town,88,TC,1553818367,21.46,-71.14,73.78,8.28
67,Kapaa,75,US,1553818393,22.08,-159.32,75.2,17.22
68,Naze,56,NG,1553818440,5.43,7.07,77.83,7.83
69,Lebu,36,ET,1553818472,8.96,38.73,47.05,3.13
70,Mehamn,76,NO,1553818401,71.03,27.85,30.58,13.47
71,Broken Hill,76,AU,1553814000,-31.97,141.45,78.8,10.29
72,Vardo,20,US,1553818325,39.62,-77.74,60.01,3.36
73,Guerrero Negro,0,MX,1553818418,27.97,-114.04,68.74,14.88
74,Kavieng,64,PG,1553818419,-2.57,150.8,84.4,8.84
75,Jalgaon,0,IN,1553818576,21.0,75.57,69.28,1.28
76,Ilulissat,75,GL,1553813400,69.22,-51.1,8.6,20.8
77,Clarksburg,40,US,1553818276,39.28,-80.34,62.6,5.82
78,Karpathos,92,GR,1553817000,35.51,27.21,59.0,17.22
79,Mandali,0,IQ,1553818576,33.75,45.55,49.93,3.06
80,Luanda,75,AO,1553814000,-8.83,13.24,75.2,2.24
81,Rocha,0,UY,1553818196,-34.48,-54.34,63.25,10.18
82,Belyy Yar,0,RU,1553815800,53.6,91.39,17.6,4.47
83,Elizabeth City,1,US,1553818494,36.3,-76.22,57.99,7.61
84,Collingwood,90,CA,1553818563,44.5,-80.22,45.0,4.7
85,Esperance,40,TT,1553818208,10.24,-61.45,80.6,10.29
86,Bontang,92,ID,1553818578,0.12,117.47,74.23,10.45
87,Aljezur,0,PT,1553818550,37.31,-8.8,57.99,13.91
88,Barrow,76,AR,1553818378,-38.31,-60.23,69.46,12.91
89,Sao Jose da Coroa Grande,100,BR,1553818579,-8.9,-35.15,79.45,6.93
90,San Patricio,0,PY,1553818579,-26.98,-56.83,73.06,2.57
91,Aars,0,DK,1553818579,56.8,9.52,44.01,8.05
92,Tazovskiy,88,RU,1553818580,67.47,78.7,28.24,14.7
93,Laramie,20,US,1553818300,41.31,-105.59,52.0,17.22
94,Kongolo,8,CD,1553818580,-5.39,27.0,69.91,2.28
95,Murwara,0,IN,1553818581,23.85,80.4,62.98,2.62
96,Zogno,0,IT,1553818580,45.79,9.66,52.0,5.82
97,Tianpeng,92,CN,1553818581,28.88,112.34,57.76,2.62
98,Kaitangata,8,NZ,1553818341,-46.28,169.85,61.0,4.0
99,Borovoy,0,RU,1553818582,63.23,52.89,13.66,3.8
100,Honningsvag,76,NO,1553818320,70.98,25.97,32.92,14.32
101,Houston,1,US,1553818363,29.76,-95.37,72.0,5.82
102,Bambous Virieux,40,MU,1553818145,-20.34,57.76,80.6,4.7
103,Pahrump,20,US,1553818248,36.21,-115.98,72.0,12.75
104,Baruun-Urt,64,MN,1553818427,46.68,113.28,20.41,10.85
105,Hay River,75,CA,1553814000,60.82,-115.79,39.2,9.17
106,Kokopo,68,PG,1553818584,-4.34,152.27,81.61,4.25
107,Tezu,0,IN,1553818584,27.93,96.16,54.88,2.01
108,Gold Coast,92,AU,1553818446,-28.0,153.41,82.0,1.99
109,Chicama,75,PE,1553814000,-7.84,-79.15,69.8,11.41
110,Seoul,75,KR,1553816400,37.57,126.98,46.4,2.24
111,Saskylakh,32,RU,1553818390,71.97,114.09,16.0,11.12
112,Huejuquilla el Alto,0,MX,1553818585,22.63,-103.9,75.94,6.08
113,Avera,1,US,1553818266,33.19,-82.53,66.2,2.91
114,Hithadhoo,20,MV,1553818585,-0.6,73.08,83.14,1.79
115,Progreso,0,UY,1553817686,-34.68,-56.22,69.8,8.05
116,Vao,12,EE,1553818426,59.1,26.19,35.53,9.84
117,Ostrovnoy,36,RU,1553818496,68.05,39.51,29.23,15.93
118,Port Alfred,12,ZA,1553818414,-33.59,26.89,66.13,13.8
119,Oxford,1,US,1553818387,33.61,-85.83,69.8,4.7
120,Lerwick,92,GB,1553817000,60.15,-1.15,48.2,33.33
121,Ourem,0,PT,1553818553,39.64,-8.59,60.01,2.24
122,Vodnyy,0,RU,1553818587,63.51,53.41,20.5,3.62
123,New Norfolk,0,AU,1553818575,-42.78,147.06,73.99,18.34
124,Puerto Madryn,0,AR,1553818511,-42.77,-65.04,67.03,2.01
125,Ketchikan,1,US,1553813760,55.34,-131.65,60.8,4.7
126,Micheweni,24,TZ,1553818588,-4.97,39.83,81.7,3.85
127,Tokur,32,RU,1553818589,53.13,132.9,13.93,3.13
128,Emerald,90,AU,1553818216,-23.53,148.16,75.2,13.87
129,Hami,0,CN,1553818455,42.84,93.51,36.61,7.61
130,Vaitape,12,PF,1553818589,-16.52,-151.75,84.94,1.9
131,Bonthe,0,SL,1553818475,7.53,-12.5,79.9,4.63
132,Challapata,12,BO,1553818590,-18.9,-66.78,39.94,2.8
133,Clearwater,1,US,1553818330,27.97,-82.8,73.99,9.17
134,Pevek,48,RU,1553818413,69.7,170.27,-0.21,4.29
135,Caxito,92,BR,1553818590,-22.65,-42.51,68.11,3.24
136,Saint George,20,GR,1553818412,39.45,22.34,50.0,3.36
137,Pisco,75,PE,1553814000,-13.71,-76.2,71.6,4.7
138,Angoche,88,MZ,1553818591,-16.23,39.91,80.44,8.16
139,Ribeira Brava,20,PT,1553818168,32.65,-17.07,62.6,8.05
140,North Branch,1,US,1553818591,45.51,-92.98,48.2,3.36
141,Saint Anthony,20,US,1553818418,43.97,-111.68,50.0,8.05
142,Linxia,0,CN,1553818592,35.6,103.21,24.28,2.57
143,Castro,0,CL,1553814000,-42.48,-73.76,55.4,6.93
144,Arraial do Cabo,92,BR,1553818472,-22.97,-42.02,72.25,5.86
145,Vanimo,56,PG,1553818471,-2.67,141.3,82.78,10.4
146,Hailey,40,US,1553817653,43.52,-114.32,39.2,6.93
147,Tamiahua,0,MX,1553818593,21.28,-97.45,74.32,16.15
148,Flin Flon,75,CA,1553814000,54.77,-101.88,35.6,11.41
149,Khatanga,68,RU,1553818386,71.98,102.47,19.33,18.95
150,Namibe,8,AO,1553818464,-15.19,12.15,79.45,6.26
151,Qaanaaq,44,GL,1553818388,77.48,-69.36,-0.93,6.31
152,Carnarvon,0,ZA,1553818427,-30.97,22.13,55.24,4.25
153,Lazaro Cardenas,5,MX,1553818322,28.39,-105.62,84.2,5.82
154,Barra,20,BR,1553818595,-11.09,-43.14,75.13,7.43
155,Ribeira Grande,0,PT,1553818415,38.52,-28.7,58.48,8.1
156,Ilhabela,80,BR,1553818595,-23.78,-45.36,73.06,12.97
157,Bethel,20,US,1553816220,60.79,-161.76,39.2,4.7
158,Bukama,56,CD,1553818596,-9.2,25.85,69.01,3.13
159,Norman Wells,75,CA,1553814000,65.28,-126.83,41.0,6.93
160,Klaksvik,64,FO,1553817000,62.23,-6.59,39.2,23.04
161,Sorland,20,NO,1553818526,67.67,12.69,38.86,24.09
162,Camopi,68,GF,1553818597,3.17,-52.33,79.81,4.07
163,Barroquinha,88,BR,1553818597,-3.02,-41.13,78.1,8.1
164,Chokurdakh,56,RU,1553818598,70.62,147.9,13.75,16.93
165,Naryan-Mar,48,RU,1553818537,67.67,53.09,24.91,16.37
166,Finschhafen,80,PG,1553818511,-6.6,147.85,75.49,0.22
167,Bogorodskoye,88,RU,1553818598,52.37,140.44,18.61,7.16
168,Palmer,75,AU,1553818590,-34.85,139.16,71.01,25.28
169,Ponta Delgada,40,PT,1553818464,37.73,-25.67,55.4,8.05
170,Wanning,90,AT,1553818586,48.64,13.53,44.6,1.12
171,Kambove,8,CD,1553818599,-10.88,26.6,64.24,5.14
172,Yabelo,12,ET,1553818600,4.89,38.09,56.14,2.73
173,Airai,44,TL,1553818478,-8.93,125.41,73.96,1.39
174,Upernavik,68,GL,1553818600,72.79,-56.15,9.34,8.28
175,San Jose,68,PH,1553818601,15.79,120.99,75.49,3.06
176,North Bend,90,US,1553818237,43.41,-124.22,55.99,5.82
177,Remscheid,0,DE,1553818586,51.18,7.19,46.99,2.24
178,Kulhudhuffushi,0,MV,1553818602,6.62,73.07,84.04,6.87
179,Padang,12,ID,1553814000,-0.92,100.36,78.8,4.7
180,Jatai,0,IN,1553818361,28.97,76.18,64.78,1.79
181,Tilichiki,48,RU,1553818535,60.47,166.1,16.9,7.16
182,Hino,75,JP,1553818514,35.66,139.41,50.0,4.7
183,Pangai,75,TO,1553814000,-19.8,-174.35,82.4,1.34
184,Safranbolu,32,TR,1553818603,41.25,32.69,26.08,2.06
185,Tuatapere,8,NZ,1553818205,-46.13,167.69,63.0,2.8
186,Maturin,92,VE,1553818604,9.75,-63.18,80.08,9.17
187,Dzilam Gonzalez,0,MX,1553818519,21.28,-88.93,80.17,6.53
188,Abu Dhabi,75,AE,1553816220,24.47,54.37,69.8,6.93
189,Khasan,56,RU,1553818604,42.43,130.64,36.43,4.63
190,Puerto Leguizamo,80,CO,1553818604,-0.19,-74.78,75.94,2.35
191,Aschersleben,75,DE,1553818548,51.76,11.46,48.99,2.24
192,Mweka,12,CD,1553818605,-4.85,21.56,73.78,2.24
193,Linkoping,0,SE,1553818596,58.41,15.62,46.99,17.22
194,Takoradi,0,GH,1553818606,4.89,-1.75,81.61,6.93
195,Letlhakane,0,BW,1553818606,-21.42,25.59,66.22,3.91
196,Zorritos,90,PE,1553814000,-3.68,-80.68,89.6,9.17
197,Erdenet,68,MN,1553818606,49.03,104.04,17.26,3.51
198,Mirante do Paranapanema,0,BR,1553814000,-22.29,-51.91,80.6,12.75
199,Karmala,0,IN,1553818607,18.41,75.19,64.42,3.62
200,Salyan,92,AZ,1553818607,39.59,48.98,46.6,10.67
201,Walvis Bay,76,NA,1553817729,-22.95,14.51,66.2,3.36
202,Pacific Grove,1,US,1553818592,36.62,-121.92,63.0,16.11
203,Rio Gallegos,0,AR,1553814000,-51.62,-69.22,53.6,17.22
204,Igrim,56,RU,1553818469,63.19,64.42,30.13,2.8
205,Beinamar,20,TD,1553818608,8.67,15.38,82.6,8.88
206,Sao Miguel do Araguaia,80,BR,1553818609,-13.28,-50.16,79.27,4.63
207,Talnakh,88,RU,1553818437,69.49,88.39,22.57,20.07
208,Camacupa,36,AO,1553818609,-12.02,17.48,64.96,3.06
209,Svetlaya,0,RU,1553818449,46.54,138.33,26.26,9.06
210,Port Blair,0,IN,1553818334,11.67,92.75,82.96,1.01
211,Port Elizabeth,1,US,1553818413,39.31,-74.98,53.01,5.82
212,Ler,75,NO,1553818501,63.2,10.3,51.8,17.22
213,Kalachinsk,92,RU,1553818610,55.05,74.58,29.77,16.22
214,Nanlong,12,CN,1553818610,31.35,106.05,55.33,8.28
215,Bredasdorp,80,ZA,1553817700,-34.53,20.04,66.2,4.7
216,Bay Roberts,5,CA,1553818510,47.58,-53.28,28.99,8.05
217,Ayabaca,100,PE,1553818611,-4.64,-79.72,59.47,1.5
218,Zhangjiakou,76,CN,1553818497,40.77,114.88,28.33,3.02
219,Provideniya,90,RU,1553815800,64.42,-173.23,28.4,13.42
220,Necochea,36,AR,1553818304,-38.55,-58.74,64.99,1.01
221,Trier,1,DE,1553818603,49.76,6.64,46.99,5.82
222,Kidal,0,ML,1553818612,18.44,1.41,81.16,10.4
223,Luan,0,CH,1553818612,46.36,6.98,45.0,6.93
224,Carballo,0,ES,1553818590,43.21,-8.69,57.0,2.24
225,Minas,0,UY,1553814000,-34.38,-55.24,64.4,9.17
226,Aldan,12,RU,1553818613,58.61,125.39,9.43,1.57
227,Kangaatsiaq,36,GL,1553818483,68.31,-53.46,12.76,15.88
228,Saint-Philippe,90,CA,1553818387,45.36,-73.48,43.0,14.99
229,Glendive,90,US,1553816100,47.11,-104.71,44.6,6.82
230,Kabansk,40,RU,1553815800,52.06,106.65,21.2,4.47
231,Nobeoka,92,JP,1553818284,32.66,131.66,53.01,1.79
232,Port-Gentil,40,GA,1553814000,-0.72,8.78,80.6,4.7
233,Ukiah,75,US,1553818411,39.15,-123.21,54.0,10.29
234,Port Lincoln,12,AU,1553818488,-34.72,135.86,63.34,22.48
235,Te Anau,0,NZ,1553818418,-45.41,167.72,62.89,3.24
236,Cabo San Lucas,5,MX,1553817741,22.89,-109.91,84.99,9.17
237,Ranipur,0,IN,1553818616,25.25,79.06,67.12,4.41
238,Honiara,24,SB,1553818528,-9.43,159.96,84.4,2.62
239,Hasaki,75,JP,1553817877,35.73,140.83,45.0,12.75
240,Torbay,5,CA,1553818061,47.66,-52.73,28.99,8.05
241,La Asuncion,88,EC,1553818617,-1.64,-78.74,50.56,1.79
242,Athabasca,0,CA,1553818617,54.72,-113.29,44.89,8.32
243,Utete,24,TZ,1553818617,-7.99,38.76,73.69,2.62
244,Iberia,92,PE,1553818617,-11.41,-69.49,82.87,4.07
245,Scottsbluff,90,US,1553818572,41.87,-103.67,45.0,11.41
246,Ponta do Sol,56,BR,1553818392,-20.63,-46.0,74.32,8.84
247,Geraldton,5,CA,1553814000,49.72,-86.95,26.6,13.87
248,Broome,0,GB,1553818446,52.47,1.45,45.0,5.82
249,Przhevalskoye,64,RU,1553818618,55.51,31.85,34.54,10.85
250,Half Moon Bay,75,US,1553818221,37.46,-122.43,63.0,12.75
251,Souillac,0,FR,1553818239,45.6,-0.6,50.0,2.24
252,Zolochiv,0,UA,1553815800,50.28,35.98,30.2,4.47
253,Luis Correia,88,BR,1553818619,-2.88,-41.67,78.1,8.1
254,Bose,0,IT,1553818607,45.46,8.01,48.99,4.7
255,Ancud,0,CL,1553814000,-41.87,-73.83,55.4,6.93
256,Maniitsoq,64,GL,1553818526,65.42,-52.9,15.19,12.64
257,Hobyo,0,SO,1553818620,5.35,48.53,79.63,9.06
258,Katsuura,75,JP,1553817868,33.93,134.5,50.0,6.93
259,Luderitz,0,NA,1553818436,-26.65,15.16,61.72,6.76
260,Butterworth,75,MY,1553815800,5.4,100.37,82.4,3.36
261,Rapar,0,IN,1553818621,23.57,70.65,75.58,8.77
262,Carai,100,BR,1553818622,-17.19,-41.69,70.9,6.42
263,Maryville,40,US,1553818412,40.35,-94.87,55.0,5.82
264,Los Andes,0,CL,1553818604,-32.83,-70.6,71.6,12.75
265,Shush,0,RU,1553818622,55.6,89.45,15.01,2.57
266,Patiala,76,IN,1553818623,30.33,76.41,66.85,2.8
267,Sinnamary,100,GF,1553818470,5.38,-52.96,80.08,12.64
268,Husavik,68,CA,1553818234,50.56,-96.99,30.99,3.0
269,Sangar,0,RU,1553818623,63.92,127.47,4.66,2.51
270,Tautira,40,PF,1553818344,-17.73,-149.15,87.8,11.41
271,Margate,0,AU,1553818455,-43.03,147.26,73.99,18.34
272,Bagarji,88,PK,1553818624,27.76,68.75,77.38,2.73
273,Saldanha,0,PT,1553818624,41.42,-6.55,40.93,5.08
274,Berlevag,64,NO,1553818449,70.86,29.09,30.13,12.46
275,Contamana,100,PE,1553818625,-7.35,-75.01,72.88,2.62
276,Ardatov,80,RU,1553818625,55.24,43.1,25.36,6.93
277,Flinders,0,AU,1553818328,-34.58,150.85,75.0,4.7
278,Shache,0,CN,1553818625,38.42,77.24,38.14,4.59
279,Tura,0,IN,1553818532,25.52,90.21,62.62,3.29
280,Gorodishche,48,RU,1553818626,53.27,45.7,23.56,4.41
281,Hazro,75,TR,1553817000,38.25,40.78,45.0,4.7
282,Laguna,5,MX,1553816880,27.52,-110.01,86.0,6.93
283,Kodiak,40,US,1553818326,39.95,-94.76,55.0,5.82
284,Makinsk,88,KZ,1553818627,52.63,70.42,35.8,11.12
285,Ngawen,36,ID,1553818628,-7.02,111.3,73.6,4.14
286,Nanortalik,68,GL,1553818431,60.14,-45.24,27.25,10.4
287,Umm Lajj,0,SA,1553818628,25.02,37.27,60.28,5.03
288,Hanmer Springs,0,NZ,1553818629,-42.52,172.83,58.84,3.24
289,Taoudenni,24,ML,1553818629,22.68,-3.98,72.79,9.17
290,Nabire,0,ID,1553818629,-3.36,135.5,77.47,1.5
291,Pindiga,12,NG,1553818386,9.98,10.93,77.11,8.05
292,Los Llanos de Aridane,20,ES,1553818202,28.66,-17.92,59.0,6.93
293,Qaqortoq,8,GL,1553813400,60.72,-46.03,15.8,8.05
294,Qeshm,0,IR,1553814000,26.96,56.27,68.0,4.7
295,Maceio,40,BR,1553814000,-9.67,-35.74,80.6,5.82
296,Faya,0,SA,1553814000,18.39,42.45,59.0,6.93
297,Tiksi,76,RU,1553818412,71.64,128.87,15.1,19.57
298,Coruripe,80,BR,1553818631,-10.12,-36.18,82.51,11.79
299,Borgentreich,20,DE,1553818456,51.57,9.24,50.0,1.12
300,Mehran,0,IR,1553814000,33.12,46.17,37.4,2.24
301,Corumba,20,BR,1553814000,-19.0,-57.65,84.2,4.7
302,Soe,0,EE,1553818349,57.91,26.05,39.99,14.99
303,Bria,20,CF,1553818632,6.54,21.99,69.1,7.83
304,Great Falls,90,US,1553818017,47.5,-111.29,36.0,14.99
305,Gharo,44,PK,1553813700,24.74,67.58,78.8,5.82
306,Komsomolskiy,76,RU,1553818533,67.55,63.78,24.73,14.14
307,Datong,44,CN,1553818634,40.09,113.3,31.75,6.31
308,Kamina,68,CD,1553818634,-8.74,25.0,68.56,3.51
309,Pangnirtung,92,CA,1553818635,66.15,-65.72,14.29,11.56
310,Zyryanka,0,RU,1553818635,65.73,150.89,11.05,2.24
311,Fairbanks,90,US,1553818314,64.84,-147.72,44.6,5.14
312,Byron Bay,40,AU,1553818551,-28.65,153.62,77.0,8.05
313,Hambantota,0,LK,1553818412,6.12,81.12,78.82,4.14
314,Labuhan,68,ID,1553818388,-2.54,115.51,74.68,2.39
315,Atambua,56,ID,1553818424,-9.11,124.89,78.1,4.36
316,Beipiao,20,CN,1553818636,41.8,120.76,34.36,4.29
317,Sao Gabriel da Cachoeira,80,BR,1553818637,-0.13,-67.09,76.03,2.39
318,Matamoros,40,US,1553818625,25.87,-97.51,77.0,20.8
319,Haines Junction,0,CA,1553818637,60.75,-137.51,42.46,2.8
320,Todos Santos,5,MX,1553818621,23.45,-110.23,84.99,6.93
321,Jalu,36,LY,1553818417,29.03,21.55,59.83,11.68
322,College,90,US,1553818314,64.86,-147.8,44.6,5.14
323,Xining,0,CN,1553818638,36.62,101.77,18.97,3.24
324,Norwich,0,GB,1553818596,52.63,1.29,44.6,5.82
325,Agadez,36,NE,1553818639,16.97,7.99,76.3,10.56
326,Ormara,88,PK,1553818639,25.21,64.64,78.64,10.78
327,Yangjiang,92,CN,1553818520,21.85,111.96,79.0,5.75
328,Mana,0,RS,1553817600,43.52,20.24,32.0,1.12
329,Paamiut,56,GL,1553818404,61.99,-49.67,27.61,17.94
330,Portsmouth,0,GB,1553818341,50.8,-1.08,45.0,6.93
331,Itarema,32,BR,1553818492,-2.92,-39.92,75.67,5.08
332,Siniscola,0,IT,1553817000,40.57,9.69,41.0,3.36
333,Cristobal Obregon,5,MX,1553816820,16.35,-93.53,77.0,18.34
334,Dinajpur,0,BD,1553818641,25.63,88.63,66.58,3.8
335,Kirkwall,76,GB,1553818591,58.98,-2.96,48.99,9.17
336,Batsfjord,20,NO,1553817000,70.63,29.72,23.0,5.82
337,Makakilo City,20,US,1553818346,21.35,-158.09,82.4,11.41
338,Yerbogachen,76,RU,1553818642,61.28,108.01,23.11,2.62
339,Lagoa,0,PT,1553818338,37.14,-8.45,59.0,16.11
340,Fethiye,75,TR,1553818596,36.62,29.12,50.0,4.7
341,Vila Franca do Campo,40,PT,1553818464,37.72,-25.43,55.4,8.05
342,Verkhnevilyuysk,20,RU,1553818643,63.45,120.31,9.43,4.07
343,Valencia,75,ES,1553818451,39.47,-0.38,52.0,4.7
344,Izumo,0,JP,1553814000,35.37,132.75,44.6,4.7
345,Lichinga,0,MZ,1553814000,-13.3,35.25,62.6,10.29
346,Kikwit,8,CD,1553818644,-5.04,18.82,75.13,2.35
347,Faanui,0,PF,1553818645,-16.48,-151.75,84.76,0.83
348,Beringovskiy,76,RU,1553818645,63.05,179.32,27.7,4.92
349,Coquimbo,0,CL,1553814000,-29.95,-71.34,59.0,4.7
350,Jumla,0,NP,1553818645,29.28,82.18,27.88,2.91
351,Dingle,24,PH,1553818460,11.0,122.67,77.38,5.75
352,Cayenne,0,GF,1553815800,4.94,-52.33,80.6,9.17
353,Pala,20,IN,1553818349,9.71,76.68,80.6,1.79
354,Darhan,76,MN,1553818395,49.49,105.92,20.5,5.82
355,Wajima,20,JP,1553814000,37.4,136.9,41.0,3.36
356,Grindavik,75,IS,1553818483,63.84,-22.43,30.99,24.16
357,Mangrol,0,IN,1553818647,25.33,76.51,65.14,2.8
358,Denpasar,20,ID,1553815800,-8.65,115.22,80.6,2.24
359,Emba,75,CY,1553818622,34.81,32.42,55.4,5.82
360,Lavumisa,8,ZA,1553814000,-27.31,31.88,71.6,2.24
361,Kasamwa,32,TZ,1553818648,-2.84,32.42,58.03,3.13
362,Griffith,80,AU,1553818217,-34.29,146.06,80.01,17.22
363,Praya,75,ID,1553815800,-8.71,116.27,78.8,4.81
364,Mar del Plata,0,AR,1553818150,-46.43,-67.52,58.21,5.93
365,Portland,1,US,1553818385,45.52,-122.67,64.99,4.7
366,Conakry,40,GN,1553817600,9.52,-13.7,80.6,8.16
367,Whitehorse,20,CA,1553818325,60.72,-135.06,53.01,10.29
368,Asosa,20,ET,1553818649,10.07,34.53,61.54,1.72
369,Dunda,12,IN,1553818650,30.62,78.32,43.9,2.57
370,Ojinaga,1,US,1553818529,29.56,-104.41,89.6,5.82
371,Damietta,0,EG,1553814000,31.42,31.81,62.6,8.05
372,Teguise,0,ES,1553815800,29.06,-13.56,62.6,6.93
373,Gualaca,20,PA,1553817600,8.54,-82.3,86.0,6.93
374,Natal,76,BR,1553818651,-5.81,-35.21,75.67,4.29
375,Aklavik,40,CA,1553814000,68.22,-135.01,41.0,9.17
376,Iguape,92,BR,1553818651,-24.7,-47.56,70.81,8.05
377,Sitka,0,US,1553817660,37.17,-99.65,53.01,14.0
378,Binzhou,92,CN,1553818162,37.38,117.96,48.99,7.94
379,Lasa,75,CY,1553817736,34.92,32.53,55.4,5.82
380,Abastumani,88,GE,1553815800,41.75,42.83,39.2,2.24
381,Barranca,64,PE,1553818653,-10.75,-77.76,69.91,6.93
382,Rio Branco,40,BR,1553814000,-9.98,-67.82,77.0,1.12
383,Tiznit,0,MA,1553818490,29.7,-9.73,55.33,1.23
384,Udachnyy,12,RU,1553818383,66.42,112.4,14.29,2.84
385,Gigmoto,44,PH,1553818653,13.78,124.39,78.01,5.59
386,Mombaca,36,BR,1553818654,-5.74,-39.63,73.42,4.74
387,Pimentel,76,BR,1553818654,-3.7,-45.5,74.86,2.57
388,Facatativa,75,CO,1553814000,4.81,-74.35,62.6,6.93
389,Ayan,0,TR,1553818655,40.67,33.6,16.63,2.28
390,Novikovo,0,UA,1553818655,45.05,34.56,31.84,6.53
391,Cabra,0,ES,1553818376,37.47,-4.43,46.4,1.12
392,Altagracia de Orituco,0,VE,1553818655,9.86,-66.38,85.75,9.95
393,Verkhnyaya Inta,56,RU,1553818656,65.99,60.32,31.03,5.14
394,Touros,64,BR,1553818359,-5.2,-35.46,76.21,4.74
395,Bubaque,0,GW,1553818452,11.28,-15.83,80.44,16.82
396,Vostok,20,RU,1553818465,46.45,135.83,23.2,2.91
397,Nyurba,36,RU,1553818657,63.29,118.35,15.01,2.51
398,Inta,48,RU,1553818466,66.04,60.13,31.21,5.3
399,Tongren,88,CN,1553818657,27.72,109.18,57.76,3.62
400,Itacare,20,BR,1553814000,-14.28,-39.0,78.8,2.24
401,Pitiquito,0,MX,1553818637,30.68,-112.05,82.99,5.99
402,Arona,0,IT,1553818383,45.76,8.56,54.0,5.82
403,Mantua,0,IT,1553818623,45.16,10.79,52.0,6.93
404,Kaparellion,75,GR,1553818643,38.23,23.22,51.01,12.75
405,Misratah,92,LY,1553818637,32.38,15.09,58.3,18.39
406,Srednekolymsk,0,RU,1553818660,67.46,153.71,8.08,3.13
407,Sao Miguel do Iguacu,20,BR,1553814000,-25.35,-54.24,80.6,3.36
408,Perth,0,GB,1553818627,56.4,-3.43,48.99,8.05
409,Kloulklubed,75,PW,1553817000,7.04,134.26,80.6,12.75
410,Ugoofaaru,0,MV,1553818661,5.67,73.0,82.78,6.6
411,Lermontovka,0,RU,1553818661,47.15,134.34,27.07,3.51
412,Porgera,20,PG,1553818661,-5.46,143.15,62.98,2.8
413,Kavaratti,32,IN,1553818662,10.57,72.64,83.14,12.12
414,Nemuro,40,JP,1553815800,43.32,145.57,28.4,9.17
415,Tyrma,48,RU,1553818662,50.04,132.17,18.88,3.58
416,Birao,24,CF,1553818663,10.3,22.78,68.74,5.41
417,Alofi,75,NU,1553814000,-19.06,-169.92,84.2,6.93
418,Keokuk,90,US,1553818606,40.4,-91.39,60.8,5.82
419,Alekseyevka,75,RU,1553815800,53.25,50.49,30.2,8.95
420,Lufilufi,40,WS,1553818343,-13.87,-171.6,86.0,3.36
421,Leeton,92,AU,1553818217,-34.55,146.4,80.01,18.34
422,Mayumba,92,GA,1553818664,-3.44,10.65,79.36,4.92
423,Kalengwa,0,ZM,1553818665,-13.47,25.0,63.16,3.29
424,Guymon,90,US,1553817360,36.68,-101.48,64.4,16.11
425,Sal Rei,40,CV,1553814000,16.18,-22.92,69.8,10.29
426,Saint-Paul,0,FR,1553818572,45.22,1.9,45.0,8.05
427,Mizdah,32,LY,1553818666,31.45,12.98,48.13,9.17
428,Tonekabon,75,IR,1553814000,36.82,50.88,53.6,4.7
429,Eydhafushi,0,MV,1553818626,5.1,73.07,82.78,6.6
430,Richards Bay,20,ZA,1553818410,-28.77,32.06,72.43,7.31
431,Kralendijk,20,BQ,1553813700,12.15,-68.27,78.8,16.11
432,Karratha,8,AU,1553818632,-20.74,116.85,78.1,4.36
433,Westport,88,IE,1553818384,53.8,-9.52,51.01,1.01
434,Miri,8,NG,1553818668,10.31,9.75,67.21,3.91
435,Chuy,0,UY,1553818192,-33.69,-53.46,66.31,13.58
436,Leh,56,IN,1553818395,34.16,77.58,5.83,0.83
437,Helena,90,US,1553817748,46.59,-112.04,34.0,6.93
438,West Bay,5,GB,1553818633,50.71,-2.76,45.0,2.24
439,Araouane,92,ML,1553818420,18.9,-3.53,87.01,5.08
440,Beloha,76,MG,1553818669,-25.17,45.06,73.87,12.57
441,Kiama,0,AU,1553818627,-34.67,150.86,75.0,4.7
442,Bartica,40,GY,1553814000,6.41,-58.62,78.8,9.17
443,High Level,75,CA,1553817600,58.52,-117.13,48.2,12.75
444,Lixourion,80,GR,1553818571,38.2,20.43,52.0,8.99
445,Sechura,44,PE,1553818544,-5.56,-80.82,75.76,11.68
446,Berberati,0,CF,1553818671,4.26,15.79,71.44,2.01
447,Saint-Junien,0,FR,1553818632,45.89,0.9,48.2,10.29
448,Morondava,24,MG,1553818671,-20.3,44.28,78.73,5.75
449,Ballina,76,IE,1553818626,54.11,-9.15,50.0,3.0
450,Malakwal,0,PK,1553818672,32.55,73.21,66.22,1.9
451,Harbin,20,CN,1553814000,45.77,126.62,24.8,2.24
452,Zhengjiatun,24,CN,1553818672,43.51,123.51,33.55,9.28
453,Belo Jardim,64,BR,1553818673,-8.33,-36.42,71.44,9.17
454,Fortuna,20,ES,1553818520,38.18,-1.13,51.8,5.82
455,Petropavlovsk-Kamchatskiy,20,RU,1553815800,53.05,158.65,32.0,24.61
456,Kisangani,68,CD,1553818673,0.52,25.21,78.1,1.12
457,Aykhal,0,RU,1553818674,65.95,111.51,9.61,3.91
458,Teguldet,88,RU,1553818674,57.31,88.17,27.43,2.39
459,Anori,0,BR,1553818674,-3.74,-61.66,79.81,2.73
460,Hamilton,75,CA,1553818433,43.26,-79.87,53.6,14.99
461,Kibala,0,TD,1553814000,9.11,18.35,86.0,5.93
462,Mubende,64,UG,1553818675,0.56,31.4,59.11,2.84
463,Doka,0,SD,1553818675,13.52,35.76,67.39,4.59
464,Smidovich,64,RU,1553818675,48.6,133.81,24.55,4.81
465,Maragogi,100,BR,1553818542,-9.01,-35.22,79.45,6.93
466,Klyuchi,88,RU,1553818676,52.25,79.17,32.83,11.97
467,La Ronge,90,CA,1553814240,55.1,-105.3,37.4,19.46
468,Yar-Sale,20,RU,1553818459,66.83,70.83,20.77,11.9
469,Rodrigues Alves,90,BR,1553814000,-7.74,-72.65,75.2,2.24
470,Pucallpa,75,PE,1553814000,-8.38,-74.54,75.2,2.06
471,Balagansk,88,RU,1553818677,54.01,103.05,23.65,4.59
472,Keti Bandar,12,PK,1553818677,24.14,67.45,77.92,15.14
473,The Valley,20,AI,1553817646,18.22,-63.06,79.0,10.29
474,San Javier,0,ES,1553818520,37.81,-0.83,51.8,5.82
475,Sobolevo,76,RU,1553818678,54.43,31.9,32.29,11.07
476,Baykit,48,RU,1553818678,61.68,96.39,15.46,4.63
477,Burns Lake,0,CA,1553818679,54.23,-125.76,45.79,2.84
478,Okha,68,RU,1553818679,53.59,142.95,18.88,14.36
479,Barsi,0,IN,1553818679,29.05,76.02,64.78,1.79
480,Sioux Lookout,40,CA,1553814000,50.1,-91.92,28.4,11.41
481,Xuddur,0,SO,1553818680,4.12,43.89,69.91,7.09
482,Waingapu,24,ID,1553818680,-9.65,120.26,78.46,4.59
483,Kachug,12,RU,1553818680,53.96,105.89,11.14,3.36
484,Quang Ngai,8,VN,1553818681,15.12,108.8,75.13,2.91
485,Russkaya Polyana,92,RU,1553818681,53.78,73.88,32.38,16.71
486,Brae,92,GB,1553817000,60.4,-1.35,48.2,33.33
487,Tchollire,24,CM,1553818682,8.4,14.17,72.61,2.62
488,Imuris,0,MX,1553818516,30.78,-110.86,82.99,7.0
489,Poshekhonye,88,RU,1553818682,58.5,39.12,22.93,3.62
490,Clyde,0,NZ,1553818570,-45.19,169.32,64.0,1.01
491,Hofn,64,IS,1553818432,64.25,-15.21,37.33,20.24
492,Cravo Norte,80,CO,1553818683,6.3,-70.2,92.86,3.51
493,Lardos,75,GR,1553818564,36.09,28.02,57.99,9.17
494,Phetchaburi,20,TH,1553814000,13.1,99.94,78.8,3.36
495,Almaznyy,0,RU,1553815800,48.03,40.04,30.2,8.95
496,Eucaliptus,36,BO,1553818684,-17.6,-67.51,51.1,4.03
497,Goundam,44,ML,1553818685,16.42,-3.66,82.51,1.34
498,Poronaysk,68,RU,1553818685,49.22,143.1,22.3,9.28
499,Ariquemes,92,BR,1553818686,-9.91,-63.03,74.32,2.62
500,Weligama,0,LK,1553818686,5.97,80.42,76.66,1.83
501,Ous,80,RU,1553818686,60.91,61.52,31.21,4.36
502,Slave Lake,1,CA,1553814000,55.28,-114.77,44.6,10.29
503,Porto-Vecchio,0,FR,1553817600,41.59,9.28,50.0,6.93
504,Poum,0,MK,1553818442,41.28,20.71,33.64,2.91
505,Kruisfontein,76,ZA,1553818419,-34.0,24.73,66.04,14.36
506,Kainantu,12,PG,1553818688,-6.29,145.87,72.25,0.34
507,Zhanakorgan,36,KZ,1553818688,43.91,67.25,50.29,4.41
508,Sambava,36,MG,1553818688,-14.27,50.17,79.63,9.17
509,Marfino,75,RU,1553817235,56.07,37.56,33.8,6.71
510,Anchorage,1,US,1553818688,61.22,-149.89,50.0,6.93
511,Emmett,75,US,1553818680,43.87,-116.5,54.0,13.87
512,Savannah Bight,0,HN,1553818690,16.45,-85.85,78.82,8.55
513,Port Hardy,75,CA,1553814000,50.7,-127.42,55.4,8.05
514,Ribas do Rio Pardo,64,BR,1553818690,-20.45,-53.76,79.36,8.05
515,Sungaipenuh,24,ID,1553818528,-2.08,101.38,66.49,1.39
516,Uray,68,RU,1553818691,60.13,64.8,29.32,5.64
517,Maymyo,20,MM,1553815800,22.03,96.47,64.4,3.36
518,Kudahuvadhoo,0,MV,1553818493,2.67,72.89,82.87,4.74
519,Tumut,88,AU,1553818691,-35.3,148.22,62.08,4.14
520,Narsaq,0,GL,1553817000,60.91,-46.05,15.8,11.41
521,Kenai,40,US,1553818566,60.55,-151.26,46.0,10.29
522,Nalut,20,LY,1553818692,31.86,10.98,46.06,5.37
523,Pundaguitan,56,PH,1553818692,6.37,126.17,79.45,6.6
524,Aquiraz,75,BR,1553818398,-3.9,-38.39,79.0,3.36
525,Iztapa,75,GT,1553817600,13.93,-90.71,86.0,4.7
526,Wilmington,20,US,1553818547,39.75,-75.55,53.01,11.41
527,Sayat,75,TM,1553814000,38.78,63.88,53.6,13.87
528,NEDJO,44,ET,1553818694,9.5,35.5,58.12,2.62
529,Palimbang,75,PH,1553818512,14.9,120.78,86.0,2.24
530,Kaihua,88,CN,1553818695,29.14,118.41,55.15,3.36
531,Tessaoua,68,NE,1553818695,13.76,7.99,81.43,13.2
532,Cangzhou,12,CN,1553818695,38.3,116.85,41.38,4.59
533,Caborca,0,MX,1553818516,30.58,-111.1,82.99,7.0
534,Oum Hadjer,8,TD,1553818696,13.3,19.7,70.36,3.24
535,Norfolk,75,US,1553818550,36.85,-76.29,57.99,9.17
536,Wuchi,0,NG,1553818696,13.33,5.43,79.63,11.3
537,Roebourne,8,AU,1553818696,-20.77,117.15,78.1,4.36
538,Tual,68,ID,1553818697,-5.67,132.75,79.54,11.45
539,Santa Marinella,0,IT,1553818691,42.04,11.87,53.01,2.24
540,Bajil,0,ES,1553818464,38.23,-2.07,34.63,4.03
541,Mattru,8,SL,1553818697,7.62,-11.83,79.63,4.85
542,Meadow Lake,75,CA,1553814000,54.13,-108.44,42.8,16.11
543,Port Hedland,44,AU,1553815800,-20.31,118.58,82.4,8.05
544,Diglur,0,IN,1553818698,18.55,77.6,66.94,2.8
545,Solwezi,12,ZM,1553818698,-12.18,26.4,60.01,7.27
546,Khani,92,GE,1553815800,41.96,42.96,39.2,2.24
547,Hualmay,80,PE,1553818699,-11.1,-77.61,70.9,4.14
548,Tierra Blanca,0,MX,1553818699,18.45,-96.36,77.11,4.25
549,Guisa,0,CU,1553817000,20.25,-76.54,73.4,9.17
550,Turkan,48,AF,1553818700,35.6,68.92,31.75,1.9
551,Imeni Poliny Osipenko,56,RU,1553818493,52.42,136.49,19.15,7.43
552,Pangoa,68,PE,1553818700,-12.12,-73.0,68.47,0.83
